Year,School,Student,Class,Subject,Score
2021,Nan Chiau Primary,Farah Binte Ali,P5-1,English,67
2021,Nan Chiau Primary,Farah Binte Ali,P5-1,Mother Tongue,55
2021,Nan Chiau Primary,Farah Binte Ali,P5-1,Mathematics,64
2021,Nan Chiau Primary,Farah Binte Ali,P5-1,Science,91
2021,Nan Chiau Primary,Nur Aisyah,P5-1,English,75
2021,Nan Chiau Primary,Nur Aisyah,P5-1,Mother Tongue,79
2021,Nan Chiau Primary,Nur Aisyah,P5-1,Mathematics,52
2021,Nan Chiau Primary,Nur Aisyah,P5-1,Science,75
2021,Nan Chiau Primary,Tan Wei Ling,P5-1,English,94
2021,Nan Chiau Primary,Tan Wei Ling,P5-1,Mother Tongue,72
2021,Nan Chiau Primary,Tan Wei Ling,P5-1,Mathematics,78
2021,Nan Chiau Primary,Tan Wei Ling,P5-1,Science,55
2021,Nan Chiau Primary,Quek Jun Hao,P5-1,English,92
2021,Nan Chiau Primary,Quek Jun Hao,P5-1,Mother Tongue,45
2021,Nan Chiau Primary,Quek Jun Hao,P5-1,Mathematics,64
2021,Nan Chiau Primary,Quek Jun Hao,P5-1,Science,86
2021,Nan Chiau Primary,Benjamin Lee,P5-1,English,67
2021,Nan Chiau Primary,Benjamin Lee,P5-1,Mother Tongue,46
2021,Nan Chiau Primary,Benjamin Lee,P5-1,Mathematics,86
2021,Nan Chiau Primary,Benjamin Lee,P5-1,Science,94
2021,Nan Chiau Primary,Aidan Tan,P5-1,English,59
2021,Nan Chiau Primary,Aidan Tan,P5-1,Mother Tongue,61
2021,Nan Chiau Primary,Aidan Tan,P5-1,Mathematics,99
2021,Nan Chiau Primary,Aidan Tan,P5-1,Science,88
2021,Nan Chiau Primary,Lakshmi Devi,P1-4,English,48
2021,Nan Chiau Primary,Lakshmi Devi,P1-4,Mother Tongue,58
2021,Nan Chiau Primary,Lakshmi Devi,P1-4,Mathematics,54
2021,Nan Chiau Primary,Lakshmi Devi,P1-4,Science,75
2021,Nan Chiau Primary,Aidan Tan,P1-4,English,55
2021,Nan Chiau Primary,Aidan Tan,P1-4,Mother Tongue,80
2021,Nan Chiau Primary,Aidan Tan,P1-4,Mathematics,53
2021,Nan Chiau Primary,Aidan Tan,P1-4,Science,45
2021,Nan Chiau Primary,Nur Aisyah,P1-4,English,51
2021,Nan Chiau Primary,Nur Aisyah,P1-4,Mother Tongue,83
2021,Nan Chiau Primary,Nur Aisyah,P1-4,Mathematics,95
2021,Nan Chiau Primary,Nur Aisyah,P1-4,Science,53
2021,Nan Chiau Primary,Hannah Ng,P1-4,English,60
2021,Nan Chiau Primary,Hannah Ng,P1-4,Mother Tongue,95
2021,Nan Chiau Primary,Hannah Ng,P1-4,Mathematics,74
2021,Nan Chiau Primary,Hannah Ng,P1-4,Science,84
2021,Nan Chiau Primary,Goh Wei Jie,P1-4,English,48
2021,Nan Chiau Primary,Goh Wei Jie,P1-4,Mother Tongue,58
2021,Nan Chiau Primary,Goh Wei Jie,P1-4,Mathematics,71
2021,Nan Chiau Primary,Goh Wei Jie,P1-4,Science,98
2021,Nan Chiau Primary,Javier Low,P1-4,English,63
2021,Nan Chiau Primary,Javier Low,P1-4,Mother Tongue,98
2021,Nan Chiau Primary,Javier Low,P1-4,Mathematics,80
2021,Nan Chiau Primary,Javier Low,P1-4,Science,92
2021,Henry Park Primary,Ong Kai Wen,P5-3,English,96
2021,Henry Park Primary,Ong Kai Wen,P5-3,Mother Tongue,54
2021,Henry Park Primary,Ong Kai Wen,P5-3,Mathematics,95
2021,Henry Park Primary,Ong Kai Wen,P5-3,Science,70
2021,Henry Park Primary,Lakshmi Devi,P5-3,English,45
2021,Henry Park Primary,Lakshmi Devi,P5-3,Mother Tongue,60
2021,Henry Park Primary,Lakshmi Devi,P5-3,Mathematics,82
2021,Henry Park Primary,Lakshmi Devi,P5-3,Science,96
2021,Henry Park Primary,Samuel Goh,P5-3,English,90
2021,Henry Park Primary,Samuel Goh,P5-3,Mother Tongue,53
2021,Henry Park Primary,Samuel Goh,P5-3,Mathematics,53
2021,Henry Park Primary,Samuel Goh,P5-3,Science,92
2021,Henry Park Primary,Cheryl Lim,P5-3,English,84
2021,Henry Park Primary,Cheryl Lim,P5-3,Mother Tongue,85
2021,Henry Park Primary,Cheryl Lim,P5-3,Mathematics,75
2021,Henry Park Primary,Cheryl Lim,P5-3,Science,55
2021,Henry Park Primary,Rachel Tan,P5-3,English,72
2021,Henry Park Primary,Rachel Tan,P5-3,Mother Tongue,93
2021,Henry Park Primary,Rachel Tan,P5-3,Mathematics,51
2021,Henry Park Primary,Rachel Tan,P5-3,Science,46
2021,Henry Park Primary,Aidan Tan,P5-3,English,83
2021,Henry Park Primary,Aidan Tan,P5-3,Mother Tongue,99
2021,Henry Park Primary,Aidan Tan,P5-3,Mathematics,92
2021,Henry Park Primary,Aidan Tan,P5-3,Science,84
2021,Henry Park Primary,Priscilla Koh,P3-2,English,82
2021,Henry Park Primary,Priscilla Koh,P3-2,Mother Tongue,78
2021,Henry Park Primary,Priscilla Koh,P3-2,Mathematics,88
2021,Henry Park Primary,Priscilla Koh,P3-2,Science,78
2021,Henry Park Primary,Benjamin Lee,P3-2,English,67
2021,Henry Park Primary,Benjamin Lee,P3-2,Mother Tongue,98
2021,Henry Park Primary,Benjamin Lee,P3-2,Mathematics,96
2021,Henry Park Primary,Benjamin Lee,P3-2,Science,51
2021,Henry Park Primary,Nur Aisyah,P3-2,English,93
2021,Henry Park Primary,Nur Aisyah,P3-2,Mother Tongue,42
2021,Henry Park Primary,Nur Aisyah,P3-2,Mathematics,90
2021,Henry Park Primary,Nur Aisyah,P3-2,Science,63
2021,Henry Park Primary,Rachel Tan,P3-2,English,57
2021,Henry Park Primary,Rachel Tan,P3-2,Mother Tongue,47
2021,Henry Park Primary,Rachel Tan,P3-2,Mathematics,67
2021,Henry Park Primary,Rachel Tan,P3-2,Science,47
2021,Henry Park Primary,Hannah Ng,P3-2,English,95
2021,Henry Park Primary,Hannah Ng,P3-2,Mother Tongue,75
2021,Henry Park Primary,Hannah Ng,P3-2,Mathematics,84
2021,Henry Park Primary,Hannah Ng,P3-2,Science,48
2021,Henry Park Primary,Ong Kai Wen,P3-2,English,92
2021,Henry Park Primary,Ong Kai Wen,P3-2,Mother Tongue,93
2021,Henry Park Primary,Ong Kai Wen,P3-2,Mathematics,75
2021,Henry Park Primary,Ong Kai Wen,P3-2,Science,58
2021,Tampines Primary,Benjamin Lee,P2-1,English,63
2021,Tampines Primary,Benjamin Lee,P2-1,Mother Tongue,95
2021,Tampines Primary,Benjamin Lee,P2-1,Mathematics,96
2021,Tampines Primary,Benjamin Lee,P2-1,Science,60
2021,Tampines Primary,Dinesh Kumar,P2-1,English,52
2021,Tampines Primary,Dinesh Kumar,P2-1,Mother Tongue,77
2021,Tampines Primary,Dinesh Kumar,P2-1,Mathematics,94
2021,Tampines Primary,Dinesh Kumar,P2-1,Science,52
2021,Tampines Primary,Goh Wei Jie,P2-1,English,73
2021,Tampines Primary,Goh Wei Jie,P2-1,Mother Tongue,55
2021,Tampines Primary,Goh Wei Jie,P2-1,Mathematics,71
2021,Tampines Primary,Goh Wei Jie,P2-1,Science,52
2021,Tampines Primary,Evelyn Ong,P2-1,English,77
2021,Tampines Primary,Evelyn Ong,P2-1,Mother Tongue,85
2021,Tampines Primary,Evelyn Ong,P2-1,Mathematics,84
2021,Tampines Primary,Evelyn Ong,P2-1,Science,52
2021,Tampines Primary,Quek Jun Hao,P2-1,English,62
2021,Tampines Primary,Quek Jun Hao,P2-1,Mother Tongue,71
2021,Tampines Primary,Quek Jun Hao,P2-1,Mathematics,89
2021,Tampines Primary,Quek Jun Hao,P2-1,Science,60
2021,Tampines Primary,Farah Binte Ali,P2-1,English,63
2021,Tampines Primary,Farah Binte Ali,P2-1,Mother Tongue,81
2021,Tampines Primary,Farah Binte Ali,P2-1,Mathematics,75
2021,Tampines Primary,Farah Binte Ali,P2-1,Science,85
2021,Tampines Primary,Cheryl Lim,P1-4,English,75
2021,Tampines Primary,Cheryl Lim,P1-4,Mother Tongue,95
2021,Tampines Primary,Cheryl Lim,P1-4,Mathematics,89
2021,Tampines Primary,Cheryl Lim,P1-4,Science,53
2021,Tampines Primary,Kiran Raj,P1-4,English,96
2021,Tampines Primary,Kiran Raj,P1-4,Mother Tongue,95
2021,Tampines Primary,Kiran Raj,P1-4,Mathematics,74
2021,Tampines Primary,Kiran Raj,P1-4,Science,68
2021,Tampines Primary,Benjamin Lee,P1-4,English,46
2021,Tampines Primary,Benjamin Lee,P1-4,Mother Tongue,55
2021,Tampines Primary,Benjamin Lee,P1-4,Mathematics,75
2021,Tampines Primary,Benjamin Lee,P1-4,Science,43
2021,Tampines Primary,Javier Low,P1-4,English,58
2021,Tampines Primary,Javier Low,P1-4,Mother Tongue,97
2021,Tampines Primary,Javier Low,P1-4,Mathematics,72
2021,Tampines Primary,Javier Low,P1-4,Science,62
2021,Tampines Primary,Dinesh Kumar,P1-4,English,57
2021,Tampines Primary,Dinesh Kumar,P1-4,Mother Tongue,83
2021,Tampines Primary,Dinesh Kumar,P1-4,Mathematics,77
2021,Tampines Primary,Dinesh Kumar,P1-4,Science,51
2021,Tampines Primary,Aidan Tan,P1-4,English,64
2021,Tampines Primary,Aidan Tan,P1-4,Mother Tongue,42
2021,Tampines Primary,Aidan Tan,P1-4,Mathematics,82
2021,Tampines Primary,Aidan Tan,P1-4,Science,56
2021,Ai Tong School,Isabelle Chua,P4-1,English,75
2021,Ai Tong School,Isabelle Chua,P4-1,Mother Tongue,80
2021,Ai Tong School,Isabelle Chua,P4-1,Mathematics,49
2021,Ai Tong School,Isabelle Chua,P4-1,Science,54
2021,Ai Tong School,Benjamin Lee,P4-1,English,79
2021,Ai Tong School,Benjamin Lee,P4-1,Mother Tongue,58
2021,Ai Tong School,Benjamin Lee,P4-1,Mathematics,69
2021,Ai Tong School,Benjamin Lee,P4-1,Science,67
2021,Ai Tong School,Nur Aisyah,P4-1,English,72
2021,Ai Tong School,Nur Aisyah,P4-1,Mother Tongue,59
2021,Ai Tong School,Nur Aisyah,P4-1,Mathematics,57
2021,Ai Tong School,Nur Aisyah,P4-1,Science,60
2021,Ai Tong School,Farah Binte Ali,P4-1,English,96
2021,Ai Tong School,Farah Binte Ali,P4-1,Mother Tongue,71
2021,Ai Tong School,Farah Binte Ali,P4-1,Mathematics,66
2021,Ai Tong School,Farah Binte Ali,P4-1,Science,41
2021,Ai Tong School,Samuel Goh,P4-1,English,66
2021,Ai Tong School,Samuel Goh,P4-1,Mother Tongue,45
2021,Ai Tong School,Samuel Goh,P4-1,Mathematics,96
2021,Ai Tong School,Samuel Goh,P4-1,Science,69
2021,Ai Tong School,Hannah Ng,P4-1,English,44
2021,Ai Tong School,Hannah Ng,P4-1,Mother Tongue,41
2021,Ai Tong School,Hannah Ng,P4-1,Mathematics,95
2021,Ai Tong School,Hannah Ng,P4-1,Science,81
2021,Ai Tong School,Mohammed Irfan,P5-1,English,54
2021,Ai Tong School,Mohammed Irfan,P5-1,Mother Tongue,86
2021,Ai Tong School,Mohammed Irfan,P5-1,Mathematics,92
2021,Ai Tong School,Mohammed Irfan,P5-1,Science,49
2021,Ai Tong School,Dinesh Kumar,P5-1,English,58
2021,Ai Tong School,Dinesh Kumar,P5-1,Mother Tongue,98
2021,Ai Tong School,Dinesh Kumar,P5-1,Mathematics,95
2021,Ai Tong School,Dinesh Kumar,P5-1,Science,94
2021,Ai Tong School,Javier Low,P5-1,English,89
2021,Ai Tong School,Javier Low,P5-1,Mother Tongue,68
2021,Ai Tong School,Javier Low,P5-1,Mathematics,69
2021,Ai Tong School,Javier Low,P5-1,Science,59
2021,Ai Tong School,Hannah Ng,P5-1,English,51
2021,Ai Tong School,Hannah Ng,P5-1,Mother Tongue,74
2021,Ai Tong School,Hannah Ng,P5-1,Mathematics,55
2021,Ai Tong School,Hannah Ng,P5-1,Science,44
2021,Ai Tong School,Evelyn Ong,P5-1,English,61
2021,Ai Tong School,Evelyn Ong,P5-1,Mother Tongue,81
2021,Ai Tong School,Evelyn Ong,P5-1,Mathematics,55
2021,Ai Tong School,Evelyn Ong,P5-1,Science,90
2021,Ai Tong School,Aidan Tan,P5-1,English,83
2021,Ai Tong School,Aidan Tan,P5-1,Mother Tongue,93
2021,Ai Tong School,Aidan Tan,P5-1,Mathematics,89
2021,Ai Tong School,Aidan Tan,P5-1,Science,67
2021,CHIJ St Nicholas,Cheryl Lim,P2-3,English,94
2021,CHIJ St Nicholas,Cheryl Lim,P2-3,Mother Tongue,70
2021,CHIJ St Nicholas,Cheryl Lim,P2-3,Mathematics,86
2021,CHIJ St Nicholas,Cheryl Lim,P2-3,Science,93
2021,CHIJ St Nicholas,Farah Binte Ali,P2-3,English,78
2021,CHIJ St Nicholas,Farah Binte Ali,P2-3,Mother Tongue,58
2021,CHIJ St Nicholas,Farah Binte Ali,P2-3,Mathematics,52
2021,CHIJ St Nicholas,Farah Binte Ali,P2-3,Science,59
2021,CHIJ St Nicholas,Dinesh Kumar,P2-3,English,61
2021,CHIJ St Nicholas,Dinesh Kumar,P2-3,Mother Tongue,88
2021,CHIJ St Nicholas,Dinesh Kumar,P2-3,Mathematics,95
2021,CHIJ St Nicholas,Dinesh Kumar,P2-3,Science,47
2021,CHIJ St Nicholas,Nur Aisyah,P2-3,English,64
2021,CHIJ St Nicholas,Nur Aisyah,P2-3,Mother Tongue,50
2021,CHIJ St Nicholas,Nur Aisyah,P2-3,Mathematics,57
2021,CHIJ St Nicholas,Nur Aisyah,P2-3,Science,79
2021,CHIJ St Nicholas,Goh Wei Jie,P2-3,English,92
2021,CHIJ St Nicholas,Goh Wei Jie,P2-3,Mother Tongue,72
2021,CHIJ St Nicholas,Goh Wei Jie,P2-3,Mathematics,98
2021,CHIJ St Nicholas,Goh Wei Jie,P2-3,Science,82
2021,CHIJ St Nicholas,Javier Low,P2-3,English,89
2021,CHIJ St Nicholas,Javier Low,P2-3,Mother Tongue,92
2021,CHIJ St Nicholas,Javier Low,P2-3,Mathematics,67
2021,CHIJ St Nicholas,Javier Low,P2-3,Science,50
2021,CHIJ St Nicholas,Benjamin Lee,P1-4,English,44
2021,CHIJ St Nicholas,Benjamin Lee,P1-4,Mother Tongue,94
2021,CHIJ St Nicholas,Benjamin Lee,P1-4,Mathematics,60
2021,CHIJ St Nicholas,Benjamin Lee,P1-4,Science,76
2021,CHIJ St Nicholas,Goh Wei Jie,P1-4,English,96
2021,CHIJ St Nicholas,Goh Wei Jie,P1-4,Mother Tongue,62
2021,CHIJ St Nicholas,Goh Wei Jie,P1-4,Mathematics,45
2021,CHIJ St Nicholas,Goh Wei Jie,P1-4,Science,99
2021,CHIJ St Nicholas,Ong Kai Wen,P1-4,English,94
2021,CHIJ St Nicholas,Ong Kai Wen,P1-4,Mother Tongue,68
2021,CHIJ St Nicholas,Ong Kai Wen,P1-4,Mathematics,59
2021,CHIJ St Nicholas,Ong Kai Wen,P1-4,Science,65
2021,CHIJ St Nicholas,Lakshmi Devi,P1-4,English,88
2021,CHIJ St Nicholas,Lakshmi Devi,P1-4,Mother Tongue,83
2021,CHIJ St Nicholas,Lakshmi Devi,P1-4,Mathematics,79
2021,CHIJ St Nicholas,Lakshmi Devi,P1-4,Science,55
2021,CHIJ St Nicholas,Aidan Tan,P1-4,English,69
2021,CHIJ St Nicholas,Aidan Tan,P1-4,Mother Tongue,95
2021,CHIJ St Nicholas,Aidan Tan,P1-4,Mathematics,83
2021,CHIJ St Nicholas,Aidan Tan,P1-4,Science,63
2021,CHIJ St Nicholas,Cheryl Lim,P1-4,English,60
2021,CHIJ St Nicholas,Cheryl Lim,P1-4,Mother Tongue,99
2021,CHIJ St Nicholas,Cheryl Lim,P1-4,Mathematics,83
2021,CHIJ St Nicholas,Cheryl Lim,P1-4,Science,69
2021,Raffles Institution,Cheryl Lim,P3-3,English,52
2021,Raffles Institution,Cheryl Lim,P3-3,Mother Tongue,78
2021,Raffles Institution,Cheryl Lim,P3-3,Mathematics,54
2021,Raffles Institution,Cheryl Lim,P3-3,Science,87
2021,Raffles Institution,Rachel Tan,P3-3,English,80
2021,Raffles Institution,Rachel Tan,P3-3,Mother Tongue,85
2021,Raffles Institution,Rachel Tan,P3-3,Mathematics,62
2021,Raffles Institution,Rachel Tan,P3-3,Science,96
2021,Raffles Institution,Farah Binte Ali,P3-3,English,62
2021,Raffles Institution,Farah Binte Ali,P3-3,Mother Tongue,97
2021,Raffles Institution,Farah Binte Ali,P3-3,Mathematics,65
2021,Raffles Institution,Farah Binte Ali,P3-3,Science,46
2021,Raffles Institution,Dinesh Kumar,P3-3,English,74
2021,Raffles Institution,Dinesh Kumar,P3-3,Mother Tongue,87
2021,Raffles Institution,Dinesh Kumar,P3-3,Mathematics,76
2021,Raffles Institution,Dinesh Kumar,P3-3,Science,88
2021,Raffles Institution,Aidan Tan,P3-3,English,63
2021,Raffles Institution,Aidan Tan,P3-3,Mother Tongue,99
2021,Raffles Institution,Aidan Tan,P3-3,Mathematics,81
2021,Raffles Institution,Aidan Tan,P3-3,Science,72
2021,Raffles Institution,Isabelle Chua,P3-3,English,42
2021,Raffles Institution,Isabelle Chua,P3-3,Mother Tongue,46
2021,Raffles Institution,Isabelle Chua,P3-3,Mathematics,64
2021,Raffles Institution,Isabelle Chua,P3-3,Science,71
2021,Raffles Institution,Kiran Raj,P1-1,English,73
2021,Raffles Institution,Kiran Raj,P1-1,Mother Tongue,71
2021,Raffles Institution,Kiran Raj,P1-1,Mathematics,89
2021,Raffles Institution,Kiran Raj,P1-1,Science,44
2021,Raffles Institution,Nur Aisyah,P1-1,English,60
2021,Raffles Institution,Nur Aisyah,P1-1,Mother Tongue,72
2021,Raffles Institution,Nur Aisyah,P1-1,Mathematics,89
2021,Raffles Institution,Nur Aisyah,P1-1,Science,49
2021,Raffles Institution,Dinesh Kumar,P1-1,English,86
2021,Raffles Institution,Dinesh Kumar,P1-1,Mother Tongue,83
2021,Raffles Institution,Dinesh Kumar,P1-1,Mathematics,59
2021,Raffles Institution,Dinesh Kumar,P1-1,Science,49
2021,Raffles Institution,Goh Wei Jie,P1-1,English,93
2021,Raffles Institution,Goh Wei Jie,P1-1,Mother Tongue,71
2021,Raffles Institution,Goh Wei Jie,P1-1,Mathematics,80
2021,Raffles Institution,Goh Wei Jie,P1-1,Science,50
2021,Raffles Institution,Quek Jun Hao,P1-1,English,46
2021,Raffles Institution,Quek Jun Hao,P1-1,Mother Tongue,63
2021,Raffles Institution,Quek Jun Hao,P1-1,Mathematics,71
2021,Raffles Institution,Quek Jun Hao,P1-1,Science,91
2021,Raffles Institution,Samuel Goh,P1-1,English,49
2021,Raffles Institution,Samuel Goh,P1-1,Mother Tongue,69
2021,Raffles Institution,Samuel Goh,P1-1,Mathematics,51
2021,Raffles Institution,Samuel Goh,P1-1,Science,67
2022,Nan Chiau Primary,Kiran Raj,P2-4,English,78
2022,Nan Chiau Primary,Kiran Raj,P2-4,Mother Tongue,90
2022,Nan Chiau Primary,Kiran Raj,P2-4,Mathematics,96
2022,Nan Chiau Primary,Kiran Raj,P2-4,Science,97
2022,Nan Chiau Primary,Dinesh Kumar,P2-4,English,62
2022,Nan Chiau Primary,Dinesh Kumar,P2-4,Mother Tongue,79
2022,Nan Chiau Primary,Dinesh Kumar,P2-4,Mathematics,59
2022,Nan Chiau Primary,Dinesh Kumar,P2-4,Science,91
2022,Nan Chiau Primary,Hannah Ng,P2-4,English,44
2022,Nan Chiau Primary,Hannah Ng,P2-4,Mother Tongue,63
2022,Nan Chiau Primary,Hannah Ng,P2-4,Mathematics,44
2022,Nan Chiau Primary,Hannah Ng,P2-4,Science,54
2022,Nan Chiau Primary,Lakshmi Devi,P2-4,English,41
2022,Nan Chiau Primary,Lakshmi Devi,P2-4,Mother Tongue,81
2022,Nan Chiau Primary,Lakshmi Devi,P2-4,Mathematics,58
2022,Nan Chiau Primary,Lakshmi Devi,P2-4,Science,56
2022,Nan Chiau Primary,Ong Kai Wen,P2-4,English,80
2022,Nan Chiau Primary,Ong Kai Wen,P2-4,Mother Tongue,61
2022,Nan Chiau Primary,Ong Kai Wen,P2-4,Mathematics,57
2022,Nan Chiau Primary,Ong Kai Wen,P2-4,Science,71
2022,Nan Chiau Primary,Javier Low,P2-4,English,99
2022,Nan Chiau Primary,Javier Low,P2-4,Mother Tongue,79
2022,Nan Chiau Primary,Javier Low,P2-4,Mathematics,99
2022,Nan Chiau Primary,Javier Low,P2-4,Science,73
2022,Nan Chiau Primary,Quek Jun Hao,P3-2,English,59
2022,Nan Chiau Primary,Quek Jun Hao,P3-2,Mother Tongue,96
2022,Nan Chiau Primary,Quek Jun Hao,P3-2,Mathematics,60
2022,Nan Chiau Primary,Quek Jun Hao,P3-2,Science,78
2022,Nan Chiau Primary,Isabelle Chua,P3-2,English,48
2022,Nan Chiau Primary,Isabelle Chua,P3-2,Mother Tongue,58
2022,Nan Chiau Primary,Isabelle Chua,P3-2,Mathematics,71
2022,Nan Chiau Primary,Isabelle Chua,P3-2,Science,44
2022,Nan Chiau Primary,Mohammed Irfan,P3-2,English,62
2022,Nan Chiau Primary,Mohammed Irfan,P3-2,Mother Tongue,49
2022,Nan Chiau Primary,Mohammed Irfan,P3-2,Mathematics,40
2022,Nan Chiau Primary,Mohammed Irfan,P3-2,Science,54
2022,Nan Chiau Primary,Lakshmi Devi,P3-2,English,75
2022,Nan Chiau Primary,Lakshmi Devi,P3-2,Mother Tongue,70
2022,Nan Chiau Primary,Lakshmi Devi,P3-2,Mathematics,67
2022,Nan Chiau Primary,Lakshmi Devi,P3-2,Science,56
2022,Nan Chiau Primary,Hannah Ng,P3-2,English,57
2022,Nan Chiau Primary,Hannah Ng,P3-2,Mother Tongue,81
2022,Nan Chiau Primary,Hannah Ng,P3-2,Mathematics,54
2022,Nan Chiau Primary,Hannah Ng,P3-2,Science,69
2022,Nan Chiau Primary,Kiran Raj,P3-2,English,50
2022,Nan Chiau Primary,Kiran Raj,P3-2,Mother Tongue,61
2022,Nan Chiau Primary,Kiran Raj,P3-2,Mathematics,79
2022,Nan Chiau Primary,Kiran Raj,P3-2,Science,50
2022,Henry Park Primary,Quek Jun Hao,P3-3,English,55
2022,Henry Park Primary,Quek Jun Hao,P3-3,Mother Tongue,98
2022,Henry Park Primary,Quek Jun Hao,P3-3,Mathematics,84
2022,Henry Park Primary,Quek Jun Hao,P3-3,Science,48
2022,Henry Park Primary,Cheryl Lim,P3-3,English,43
2022,Henry Park Primary,Cheryl Lim,P3-3,Mother Tongue,71
2022,Henry Park Primary,Cheryl Lim,P3-3,Mathematics,79
2022,Henry Park Primary,Cheryl Lim,P3-3,Science,64
2022,Henry Park Primary,Aidan Tan,P3-3,English,59
2022,Henry Park Primary,Aidan Tan,P3-3,Mother Tongue,80
2022,Henry Park Primary,Aidan Tan,P3-3,Mathematics,60
2022,Henry Park Primary,Aidan Tan,P3-3,Science,82
2022,Henry Park Primary,Kiran Raj,P3-3,English,53
2022,Henry Park Primary,Kiran Raj,P3-3,Mother Tongue,75
2022,Henry Park Primary,Kiran Raj,P3-3,Mathematics,97
2022,Henry Park Primary,Kiran Raj,P3-3,Science,47
2022,Henry Park Primary,Samuel Goh,P3-3,English,73
2022,Henry Park Primary,Samuel Goh,P3-3,Mother Tongue,90
2022,Henry Park Primary,Samuel Goh,P3-3,Mathematics,51
2022,Henry Park Primary,Samuel Goh,P3-3,Science,43
2022,Henry Park Primary,Hannah Ng,P3-3,English,42
2022,Henry Park Primary,Hannah Ng,P3-3,Mother Tongue,72
2022,Henry Park Primary,Hannah Ng,P3-3,Mathematics,41
2022,Henry Park Primary,Hannah Ng,P3-3,Science,68
2022,Henry Park Primary,Hannah Ng,P4-3,English,40
2022,Henry Park Primary,Hannah Ng,P4-3,Mother Tongue,60
2022,Henry Park Primary,Hannah Ng,P4-3,Mathematics,52
2022,Henry Park Primary,Hannah Ng,P4-3,Science,40
2022,Henry Park Primary,Samuel Goh,P4-3,English,53
2022,Henry Park Primary,Samuel Goh,P4-3,Mother Tongue,74
2022,Henry Park Primary,Samuel Goh,P4-3,Mathematics,94
2022,Henry Park Primary,Samuel Goh,P4-3,Science,79
2022,Henry Park Primary,Lakshmi Devi,P4-3,English,84
2022,Henry Park Primary,Lakshmi Devi,P4-3,Mother Tongue,63
2022,Henry Park Primary,Lakshmi Devi,P4-3,Mathematics,69
2022,Henry Park Primary,Lakshmi Devi,P4-3,Science,75
2022,Henry Park Primary,Rachel Tan,P4-3,English,41
2022,Henry Park Primary,Rachel Tan,P4-3,Mother Tongue,68
2022,Henry Park Primary,Rachel Tan,P4-3,Mathematics,62
2022,Henry Park Primary,Rachel Tan,P4-3,Science,74
2022,Henry Park Primary,Priscilla Koh,P4-3,English,41
2022,Henry Park Primary,Priscilla Koh,P4-3,Mother Tongue,65
2022,Henry Park Primary,Priscilla Koh,P4-3,Mathematics,44
2022,Henry Park Primary,Priscilla Koh,P4-3,Science,73
2022,Henry Park Primary,Isabelle Chua,P4-3,English,92
2022,Henry Park Primary,Isabelle Chua,P4-3,Mother Tongue,50
2022,Henry Park Primary,Isabelle Chua,P4-3,Mathematics,41
2022,Henry Park Primary,Isabelle Chua,P4-3,Science,47
2022,Tampines Primary,Benjamin Lee,P2-3,English,50
2022,Tampines Primary,Benjamin Lee,P2-3,Mother Tongue,48
2022,Tampines Primary,Benjamin Lee,P2-3,Mathematics,95
2022,Tampines Primary,Benjamin Lee,P2-3,Science,43
2022,Tampines Primary,Javier Low,P2-3,English,53
2022,Tampines Primary,Javier Low,P2-3,Mother Tongue,57
2022,Tampines Primary,Javier Low,P2-3,Mathematics,45
2022,Tampines Primary,Javier Low,P2-3,Science,55
2022,Tampines Primary,Nur Aisyah,P2-3,English,63
2022,Tampines Primary,Nur Aisyah,P2-3,Mother Tongue,93
2022,Tampines Primary,Nur Aisyah,P2-3,Mathematics,68
2022,Tampines Primary,Nur Aisyah,P2-3,Science,87
2022,Tampines Primary,Hannah Ng,P2-3,English,78
2022,Tampines Primary,Hannah Ng,P2-3,Mother Tongue,90
2022,Tampines Primary,Hannah Ng,P2-3,Mathematics,59
2022,Tampines Primary,Hannah Ng,P2-3,Science,45
2022,Tampines Primary,Samuel Goh,P2-3,English,69
2022,Tampines Primary,Samuel Goh,P2-3,Mother Tongue,47
2022,Tampines Primary,Samuel Goh,P2-3,Mathematics,65
2022,Tampines Primary,Samuel Goh,P2-3,Science,85
2022,Tampines Primary,Cheryl Lim,P2-3,English,98
2022,Tampines Primary,Cheryl Lim,P2-3,Mother Tongue,71
2022,Tampines Primary,Cheryl Lim,P2-3,Mathematics,95
2022,Tampines Primary,Cheryl Lim,P2-3,Science,45
2022,Tampines Primary,Priscilla Koh,P4-3,English,57
2022,Tampines Primary,Priscilla Koh,P4-3,Mother Tongue,45
2022,Tampines Primary,Priscilla Koh,P4-3,Mathematics,74
2022,Tampines Primary,Priscilla Koh,P4-3,Science,41
2022,Tampines Primary,Ong Kai Wen,P4-3,English,93
2022,Tampines Primary,Ong Kai Wen,P4-3,Mother Tongue,51
2022,Tampines Primary,Ong Kai Wen,P4-3,Mathematics,45
2022,Tampines Primary,Ong Kai Wen,P4-3,Science,87
2022,Tampines Primary,Samuel Goh,P4-3,English,83
2022,Tampines Primary,Samuel Goh,P4-3,Mother Tongue,63
2022,Tampines Primary,Samuel Goh,P4-3,Mathematics,86
2022,Tampines Primary,Samuel Goh,P4-3,Science,55
2022,Tampines Primary,Isabelle Chua,P4-3,English,44
2022,Tampines Primary,Isabelle Chua,P4-3,Mother Tongue,71
2022,Tampines Primary,Isabelle Chua,P4-3,Mathematics,69
2022,Tampines Primary,Isabelle Chua,P4-3,Science,41
2022,Tampines Primary,Benjamin Lee,P4-3,English,87
2022,Tampines Primary,Benjamin Lee,P4-3,Mother Tongue,44
2022,Tampines Primary,Benjamin Lee,P4-3,Mathematics,41
2022,Tampines Primary,Benjamin Lee,P4-3,Science,89
2022,Tampines Primary,Cheryl Lim,P4-3,English,57
2022,Tampines Primary,Cheryl Lim,P4-3,Mother Tongue,94
2022,Tampines Primary,Cheryl Lim,P4-3,Mathematics,93
2022,Tampines Primary,Cheryl Lim,P4-3,Science,60
2022,Ai Tong School,Goh Wei Jie,P1-4,English,68
2022,Ai Tong School,Goh Wei Jie,P1-4,Mother Tongue,49
2022,Ai Tong School,Goh Wei Jie,P1-4,Mathematics,54
2022,Ai Tong School,Goh Wei Jie,P1-4,Science,42
2022,Ai Tong School,Tan Wei Ling,P1-4,English,47
2022,Ai Tong School,Tan Wei Ling,P1-4,Mother Tongue,71
2022,Ai Tong School,Tan Wei Ling,P1-4,Mathematics,80
2022,Ai Tong School,Tan Wei Ling,P1-4,Science,66
2022,Ai Tong School,Lakshmi Devi,P1-4,English,80
2022,Ai Tong School,Lakshmi Devi,P1-4,Mother Tongue,51
2022,Ai Tong School,Lakshmi Devi,P1-4,Mathematics,49
2022,Ai Tong School,Lakshmi Devi,P1-4,Science,77
2022,Ai Tong School,Quek Jun Hao,P1-4,English,84
2022,Ai Tong School,Quek Jun Hao,P1-4,Mother Tongue,78
2022,Ai Tong School,Quek Jun Hao,P1-4,Mathematics,53
2022,Ai Tong School,Quek Jun Hao,P1-4,Science,63
2022,Ai Tong School,Benjamin Lee,P1-4,English,76
2022,Ai Tong School,Benjamin Lee,P1-4,Mother Tongue,87
2022,Ai Tong School,Benjamin Lee,P1-4,Mathematics,52
2022,Ai Tong School,Benjamin Lee,P1-4,Science,97
2022,Ai Tong School,Mohammed Irfan,P1-4,English,50
2022,Ai Tong School,Mohammed Irfan,P1-4,Mother Tongue,67
2022,Ai Tong School,Mohammed Irfan,P1-4,Mathematics,56
2022,Ai Tong School,Mohammed Irfan,P1-4,Science,84
2022,Ai Tong School,Kiran Raj,P1-1,English,43
2022,Ai Tong School,Kiran Raj,P1-1,Mother Tongue,93
2022,Ai Tong School,Kiran Raj,P1-1,Mathematics,74
2022,Ai Tong School,Kiran Raj,P1-1,Science,80
2022,Ai Tong School,Tan Wei Ling,P1-1,English,82
2022,Ai Tong School,Tan Wei Ling,P1-1,Mother Tongue,75
2022,Ai Tong School,Tan Wei Ling,P1-1,Mathematics,57
2022,Ai Tong School,Tan Wei Ling,P1-1,Science,45
2022,Ai Tong School,Benjamin Lee,P1-1,English,96
2022,Ai Tong School,Benjamin Lee,P1-1,Mother Tongue,71
2022,Ai Tong School,Benjamin Lee,P1-1,Mathematics,54
2022,Ai Tong School,Benjamin Lee,P1-1,Science,71
2022,Ai Tong School,Rachel Tan,P1-1,English,85
2022,Ai Tong School,Rachel Tan,P1-1,Mother Tongue,56
2022,Ai Tong School,Rachel Tan,P1-1,Mathematics,69
2022,Ai Tong School,Rachel Tan,P1-1,Science,82
2022,Ai Tong School,Samuel Goh,P1-1,English,81
2022,Ai Tong School,Samuel Goh,P1-1,Mother Tongue,44
2022,Ai Tong School,Samuel Goh,P1-1,Mathematics,51
2022,Ai Tong School,Samuel Goh,P1-1,Science,69
2022,Ai Tong School,Lakshmi Devi,P1-1,English,44
2022,Ai Tong School,Lakshmi Devi,P1-1,Mother Tongue,63
2022,Ai Tong School,Lakshmi Devi,P1-1,Mathematics,43
2022,Ai Tong School,Lakshmi Devi,P1-1,Science,80
2022,CHIJ St Nicholas,Priscilla Koh,P3-1,English,41
2022,CHIJ St Nicholas,Priscilla Koh,P3-1,Mother Tongue,64
2022,CHIJ St Nicholas,Priscilla Koh,P3-1,Mathematics,71
2022,CHIJ St Nicholas,Priscilla Koh,P3-1,Science,54
2022,CHIJ St Nicholas,Mohammed Irfan,P3-1,English,58
2022,CHIJ St Nicholas,Mohammed Irfan,P3-1,Mother Tongue,41
2022,CHIJ St Nicholas,Mohammed Irfan,P3-1,Mathematics,85
2022,CHIJ St Nicholas,Mohammed Irfan,P3-1,Science,53
2022,CHIJ St Nicholas,Nur Aisyah,P3-1,English,88
2022,CHIJ St Nicholas,Nur Aisyah,P3-1,Mother Tongue,87
2022,CHIJ St Nicholas,Nur Aisyah,P3-1,Mathematics,68
2022,CHIJ St Nicholas,Nur Aisyah,P3-1,Science,57
2022,CHIJ St Nicholas,Ong Kai Wen,P3-1,English,73
2022,CHIJ St Nicholas,Ong Kai Wen,P3-1,Mother Tongue,61
2022,CHIJ St Nicholas,Ong Kai Wen,P3-1,Mathematics,69
2022,CHIJ St Nicholas,Ong Kai Wen,P3-1,Science,81
2022,CHIJ St Nicholas,Samuel Goh,P3-1,English,83
2022,CHIJ St Nicholas,Samuel Goh,P3-1,Mother Tongue,81
2022,CHIJ St Nicholas,Samuel Goh,P3-1,Mathematics,90
2022,CHIJ St Nicholas,Samuel Goh,P3-1,Science,45
2022,CHIJ St Nicholas,Farah Binte Ali,P3-1,English,78
2022,CHIJ St Nicholas,Farah Binte Ali,P3-1,Mother Tongue,61
2022,CHIJ St Nicholas,Farah Binte Ali,P3-1,Mathematics,81
2022,CHIJ St Nicholas,Farah Binte Ali,P3-1,Science,41
2022,CHIJ St Nicholas,Goh Wei Jie,P6-4,English,76
2022,CHIJ St Nicholas,Goh Wei Jie,P6-4,Mother Tongue,53
2022,CHIJ St Nicholas,Goh Wei Jie,P6-4,Mathematics,75
2022,CHIJ St Nicholas,Goh Wei Jie,P6-4,Science,49
2022,CHIJ St Nicholas,Tan Wei Ling,P6-4,English,78
2022,CHIJ St Nicholas,Tan Wei Ling,P6-4,Mother Tongue,52
2022,CHIJ St Nicholas,Tan Wei Ling,P6-4,Mathematics,74
2022,CHIJ St Nicholas,Tan Wei Ling,P6-4,Science,81
2022,CHIJ St Nicholas,Hannah Ng,P6-4,English,53
2022,CHIJ St Nicholas,Hannah Ng,P6-4,Mother Tongue,61
2022,CHIJ St Nicholas,Hannah Ng,P6-4,Mathematics,69
2022,CHIJ St Nicholas,Hannah Ng,P6-4,Science,51
2022,CHIJ St Nicholas,Kiran Raj,P6-4,English,67
2022,CHIJ St Nicholas,Kiran Raj,P6-4,Mother Tongue,72
2022,CHIJ St Nicholas,Kiran Raj,P6-4,Mathematics,83
2022,CHIJ St Nicholas,Kiran Raj,P6-4,Science,57
2022,CHIJ St Nicholas,Cheryl Lim,P6-4,English,62
2022,CHIJ St Nicholas,Cheryl Lim,P6-4,Mother Tongue,95
2022,CHIJ St Nicholas,Cheryl Lim,P6-4,Mathematics,63
2022,CHIJ St Nicholas,Cheryl Lim,P6-4,Science,68
2022,CHIJ St Nicholas,Dinesh Kumar,P6-4,English,45
2022,CHIJ St Nicholas,Dinesh Kumar,P6-4,Mother Tongue,84
2022,CHIJ St Nicholas,Dinesh Kumar,P6-4,Mathematics,93
2022,CHIJ St Nicholas,Dinesh Kumar,P6-4,Science,88
2022,Raffles Institution,Mohammed Irfan,P3-4,English,61
2022,Raffles Institution,Mohammed Irfan,P3-4,Mother Tongue,48
2022,Raffles Institution,Mohammed Irfan,P3-4,Mathematics,77
2022,Raffles Institution,Mohammed Irfan,P3-4,Science,49
2022,Raffles Institution,Isabelle Chua,P3-4,English,55
2022,Raffles Institution,Isabelle Chua,P3-4,Mother Tongue,85
2022,Raffles Institution,Isabelle Chua,P3-4,Mathematics,87
2022,Raffles Institution,Isabelle Chua,P3-4,Science,40
2022,Raffles Institution,Nur Aisyah,P3-4,English,53
2022,Raffles Institution,Nur Aisyah,P3-4,Mother Tongue,41
2022,Raffles Institution,Nur Aisyah,P3-4,Mathematics,43
2022,Raffles Institution,Nur Aisyah,P3-4,Science,93
2022,Raffles Institution,Benjamin Lee,P3-4,English,43
2022,Raffles Institution,Benjamin Lee,P3-4,Mother Tongue,75
2022,Raffles Institution,Benjamin Lee,P3-4,Mathematics,78
2022,Raffles Institution,Benjamin Lee,P3-4,Science,97
2022,Raffles Institution,Ong Kai Wen,P3-4,English,51
2022,Raffles Institution,Ong Kai Wen,P3-4,Mother Tongue,77
2022,Raffles Institution,Ong Kai Wen,P3-4,Mathematics,58
2022,Raffles Institution,Ong Kai Wen,P3-4,Science,91
2022,Raffles Institution,Goh Wei Jie,P3-4,English,75
2022,Raffles Institution,Goh Wei Jie,P3-4,Mother Tongue,88
2022,Raffles Institution,Goh Wei Jie,P3-4,Mathematics,60
2022,Raffles Institution,Goh Wei Jie,P3-4,Science,95
2022,Raffles Institution,Goh Wei Jie,P6-3,English,83
2022,Raffles Institution,Goh Wei Jie,P6-3,Mother Tongue,95
2022,Raffles Institution,Goh Wei Jie,P6-3,Mathematics,70
2022,Raffles Institution,Goh Wei Jie,P6-3,Science,70
2022,Raffles Institution,Dinesh Kumar,P6-3,English,77
2022,Raffles Institution,Dinesh Kumar,P6-3,Mother Tongue,57
2022,Raffles Institution,Dinesh Kumar,P6-3,Mathematics,78
2022,Raffles Institution,Dinesh Kumar,P6-3,Science,57
2022,Raffles Institution,Mohammed Irfan,P6-3,English,60
2022,Raffles Institution,Mohammed Irfan,P6-3,Mother Tongue,72
2022,Raffles Institution,Mohammed Irfan,P6-3,Mathematics,49
2022,Raffles Institution,Mohammed Irfan,P6-3,Science,57
2022,Raffles Institution,Lakshmi Devi,P6-3,English,46
2022,Raffles Institution,Lakshmi Devi,P6-3,Mother Tongue,45
2022,Raffles Institution,Lakshmi Devi,P6-3,Mathematics,52
2022,Raffles Institution,Lakshmi Devi,P6-3,Science,99
2022,Raffles Institution,Cheryl Lim,P6-3,English,87
2022,Raffles Institution,Cheryl Lim,P6-3,Mother Tongue,77
2022,Raffles Institution,Cheryl Lim,P6-3,Mathematics,81
2022,Raffles Institution,Cheryl Lim,P6-3,Science,83
2022,Raffles Institution,Ong Kai Wen,P6-3,English,86
2022,Raffles Institution,Ong Kai Wen,P6-3,Mother Tongue,72
2022,Raffles Institution,Ong Kai Wen,P6-3,Mathematics,60
2022,Raffles Institution,Ong Kai Wen,P6-3,Science,62
2023,Nan Chiau Primary,Rachel Tan,P6-1,English,89
2023,Nan Chiau Primary,Rachel Tan,P6-1,Mother Tongue,47
2023,Nan Chiau Primary,Rachel Tan,P6-1,Mathematics,96
2023,Nan Chiau Primary,Rachel Tan,P6-1,Science,72
2023,Nan Chiau Primary,Aidan Tan,P6-1,English,69
2023,Nan Chiau Primary,Aidan Tan,P6-1,Mother Tongue,88
2023,Nan Chiau Primary,Aidan Tan,P6-1,Mathematics,94
2023,Nan Chiau Primary,Aidan Tan,P6-1,Science,66
2023,Nan Chiau Primary,Isabelle Chua,P6-1,English,52
2023,Nan Chiau Primary,Isabelle Chua,P6-1,Mother Tongue,98
2023,Nan Chiau Primary,Isabelle Chua,P6-1,Mathematics,52
2023,Nan Chiau Primary,Isabelle Chua,P6-1,Science,49
2023,Nan Chiau Primary,Ong Kai Wen,P6-1,English,88
2023,Nan Chiau Primary,Ong Kai Wen,P6-1,Mother Tongue,73
2023,Nan Chiau Primary,Ong Kai Wen,P6-1,Mathematics,59
2023,Nan Chiau Primary,Ong Kai Wen,P6-1,Science,55
2023,Nan Chiau Primary,Benjamin Lee,P6-1,English,55
2023,Nan Chiau Primary,Benjamin Lee,P6-1,Mother Tongue,51
2023,Nan Chiau Primary,Benjamin Lee,P6-1,Mathematics,80
2023,Nan Chiau Primary,Benjamin Lee,P6-1,Science,61
2023,Nan Chiau Primary,Cheryl Lim,P6-1,English,78
2023,Nan Chiau Primary,Cheryl Lim,P6-1,Mother Tongue,82
2023,Nan Chiau Primary,Cheryl Lim,P6-1,Mathematics,97
2023,Nan Chiau Primary,Cheryl Lim,P6-1,Science,94
2023,Nan Chiau Primary,Farah Binte Ali,P4-2,English,89
2023,Nan Chiau Primary,Farah Binte Ali,P4-2,Mother Tongue,93
2023,Nan Chiau Primary,Farah Binte Ali,P4-2,Mathematics,89
2023,Nan Chiau Primary,Farah Binte Ali,P4-2,Science,86
2023,Nan Chiau Primary,Tan Wei Ling,P4-2,English,78
2023,Nan Chiau Primary,Tan Wei Ling,P4-2,Mother Tongue,52
2023,Nan Chiau Primary,Tan Wei Ling,P4-2,Mathematics,69
2023,Nan Chiau Primary,Tan Wei Ling,P4-2,Science,50
2023,Nan Chiau Primary,Rachel Tan,P4-2,English,97
2023,Nan Chiau Primary,Rachel Tan,P4-2,Mother Tongue,56
2023,Nan Chiau Primary,Rachel Tan,P4-2,Mathematics,72
2023,Nan Chiau Primary,Rachel Tan,P4-2,Science,78
2023,Nan Chiau Primary,Dinesh Kumar,P4-2,English,60
2023,Nan Chiau Primary,Dinesh Kumar,P4-2,Mother Tongue,59
2023,Nan Chiau Primary,Dinesh Kumar,P4-2,Mathematics,97
2023,Nan Chiau Primary,Dinesh Kumar,P4-2,Science,50
2023,Nan Chiau Primary,Nur Aisyah,P4-2,English,48
2023,Nan Chiau Primary,Nur Aisyah,P4-2,Mother Tongue,57
2023,Nan Chiau Primary,Nur Aisyah,P4-2,Mathematics,40
2023,Nan Chiau Primary,Nur Aisyah,P4-2,Science,55
2023,Nan Chiau Primary,Kiran Raj,P4-2,English,55
2023,Nan Chiau Primary,Kiran Raj,P4-2,Mother Tongue,88
2023,Nan Chiau Primary,Kiran Raj,P4-2,Mathematics,74
2023,Nan Chiau Primary,Kiran Raj,P4-2,Science,95
2023,Henry Park Primary,Tan Wei Ling,P4-1,English,45
2023,Henry Park Primary,Tan Wei Ling,P4-1,Mother Tongue,61
2023,Henry Park Primary,Tan Wei Ling,P4-1,Mathematics,48
2023,Henry Park Primary,Tan Wei Ling,P4-1,Science,58
2023,Henry Park Primary,Dinesh Kumar,P4-1,English,42
2023,Henry Park Primary,Dinesh Kumar,P4-1,Mother Tongue,51
2023,Henry Park Primary,Dinesh Kumar,P4-1,Mathematics,58
2023,Henry Park Primary,Dinesh Kumar,P4-1,Science,91
2023,Henry Park Primary,Quek Jun Hao,P4-1,English,97
2023,Henry Park Primary,Quek Jun Hao,P4-1,Mother Tongue,54
2023,Henry Park Primary,Quek Jun Hao,P4-1,Mathematics,98
2023,Henry Park Primary,Quek Jun Hao,P4-1,Science,76
2023,Henry Park Primary,Mohammed Irfan,P4-1,English,49
2023,Henry Park Primary,Mohammed Irfan,P4-1,Mother Tongue,45
2023,Henry Park Primary,Mohammed Irfan,P4-1,Mathematics,74
2023,Henry Park Primary,Mohammed Irfan,P4-1,Science,97
2023,Henry Park Primary,Javier Low,P4-1,English,45
2023,Henry Park Primary,Javier Low,P4-1,Mother Tongue,79
2023,Henry Park Primary,Javier Low,P4-1,Mathematics,42
2023,Henry Park Primary,Javier Low,P4-1,Science,46
2023,Henry Park Primary,Farah Binte Ali,P4-1,English,93
2023,Henry Park Primary,Farah Binte Ali,P4-1,Mother Tongue,85
2023,Henry Park Primary,Farah Binte Ali,P4-1,Mathematics,87
2023,Henry Park Primary,Farah Binte Ali,P4-1,Science,70
2023,Henry Park Primary,Dinesh Kumar,P5-4,English,73
2023,Henry Park Primary,Dinesh Kumar,P5-4,Mother Tongue,80
2023,Henry Park Primary,Dinesh Kumar,P5-4,Mathematics,64
2023,Henry Park Primary,Dinesh Kumar,P5-4,Science,68
2023,Henry Park Primary,Samuel Goh,P5-4,English,80
2023,Henry Park Primary,Samuel Goh,P5-4,Mother Tongue,85
2023,Henry Park Primary,Samuel Goh,P5-4,Mathematics,51
2023,Henry Park Primary,Samuel Goh,P5-4,Science,57
2023,Henry Park Primary,Nur Aisyah,P5-4,English,71
2023,Henry Park Primary,Nur Aisyah,P5-4,Mother Tongue,58
2023,Henry Park Primary,Nur Aisyah,P5-4,Mathematics,62
2023,Henry Park Primary,Nur Aisyah,P5-4,Science,40
2023,Henry Park Primary,Cheryl Lim,P5-4,English,96
2023,Henry Park Primary,Cheryl Lim,P5-4,Mother Tongue,97
2023,Henry Park Primary,Cheryl Lim,P5-4,Mathematics,73
2023,Henry Park Primary,Cheryl Lim,P5-4,Science,63
2023,Henry Park Primary,Ong Kai Wen,P5-4,English,90
2023,Henry Park Primary,Ong Kai Wen,P5-4,Mother Tongue,61
2023,Henry Park Primary,Ong Kai Wen,P5-4,Mathematics,85
2023,Henry Park Primary,Ong Kai Wen,P5-4,Science,86
2023,Henry Park Primary,Kiran Raj,P5-4,English,40
2023,Henry Park Primary,Kiran Raj,P5-4,Mother Tongue,43
2023,Henry Park Primary,Kiran Raj,P5-4,Mathematics,40
2023,Henry Park Primary,Kiran Raj,P5-4,Science,54
2023,Tampines Primary,Priscilla Koh,P5-3,English,92
2023,Tampines Primary,Priscilla Koh,P5-3,Mother Tongue,62
2023,Tampines Primary,Priscilla Koh,P5-3,Mathematics,68
2023,Tampines Primary,Priscilla Koh,P5-3,Science,80
2023,Tampines Primary,Lakshmi Devi,P5-3,English,46
2023,Tampines Primary,Lakshmi Devi,P5-3,Mother Tongue,94
2023,Tampines Primary,Lakshmi Devi,P5-3,Mathematics,41
2023,Tampines Primary,Lakshmi Devi,P5-3,Science,83
2023,Tampines Primary,Javier Low,P5-3,English,90
2023,Tampines Primary,Javier Low,P5-3,Mother Tongue,49
2023,Tampines Primary,Javier Low,P5-3,Mathematics,43
2023,Tampines Primary,Javier Low,P5-3,Science,51
2023,Tampines Primary,Benjamin Lee,P5-3,English,66
2023,Tampines Primary,Benjamin Lee,P5-3,Mother Tongue,66
2023,Tampines Primary,Benjamin Lee,P5-3,Mathematics,78
2023,Tampines Primary,Benjamin Lee,P5-3,Science,97
2023,Tampines Primary,Isabelle Chua,P5-3,English,43
2023,Tampines Primary,Isabelle Chua,P5-3,Mother Tongue,86
2023,Tampines Primary,Isabelle Chua,P5-3,Mathematics,89
2023,Tampines Primary,Isabelle Chua,P5-3,Science,46
2023,Tampines Primary,Aidan Tan,P5-3,English,81
2023,Tampines Primary,Aidan Tan,P5-3,Mother Tongue,93
2023,Tampines Primary,Aidan Tan,P5-3,Mathematics,84
2023,Tampines Primary,Aidan Tan,P5-3,Science,95
2023,Tampines Primary,Isabelle Chua,P6-4,English,65
2023,Tampines Primary,Isabelle Chua,P6-4,Mother Tongue,49
2023,Tampines Primary,Isabelle Chua,P6-4,Mathematics,57
2023,Tampines Primary,Isabelle Chua,P6-4,Science,43
2023,Tampines Primary,Kiran Raj,P6-4,English,42
2023,Tampines Primary,Kiran Raj,P6-4,Mother Tongue,91
2023,Tampines Primary,Kiran Raj,P6-4,Mathematics,61
2023,Tampines Primary,Kiran Raj,P6-4,Science,67
2023,Tampines Primary,Priscilla Koh,P6-4,English,41
2023,Tampines Primary,Priscilla Koh,P6-4,Mother Tongue,76
2023,Tampines Primary,Priscilla Koh,P6-4,Mathematics,66
2023,Tampines Primary,Priscilla Koh,P6-4,Science,42
2023,Tampines Primary,Ong Kai Wen,P6-4,English,83
2023,Tampines Primary,Ong Kai Wen,P6-4,Mother Tongue,98
2023,Tampines Primary,Ong Kai Wen,P6-4,Mathematics,53
2023,Tampines Primary,Ong Kai Wen,P6-4,Science,85
2023,Tampines Primary,Dinesh Kumar,P6-4,English,49
2023,Tampines Primary,Dinesh Kumar,P6-4,Mother Tongue,68
2023,Tampines Primary,Dinesh Kumar,P6-4,Mathematics,65
2023,Tampines Primary,Dinesh Kumar,P6-4,Science,90
2023,Tampines Primary,Hannah Ng,P6-4,English,96
2023,Tampines Primary,Hannah Ng,P6-4,Mother Tongue,99
2023,Tampines Primary,Hannah Ng,P6-4,Mathematics,86
2023,Tampines Primary,Hannah Ng,P6-4,Science,62
2023,Ai Tong School,Cheryl Lim,P3-4,English,51
2023,Ai Tong School,Cheryl Lim,P3-4,Mother Tongue,72
2023,Ai Tong School,Cheryl Lim,P3-4,Mathematics,59
2023,Ai Tong School,Cheryl Lim,P3-4,Science,46
2023,Ai Tong School,Mohammed Irfan,P3-4,English,65
2023,Ai Tong School,Mohammed Irfan,P3-4,Mother Tongue,97
2023,Ai Tong School,Mohammed Irfan,P3-4,Mathematics,68
2023,Ai Tong School,Mohammed Irfan,P3-4,Science,76
2023,Ai Tong School,Samuel Goh,P3-4,English,77
2023,Ai Tong School,Samuel Goh,P3-4,Mother Tongue,79
2023,Ai Tong School,Samuel Goh,P3-4,Mathematics,79
2023,Ai Tong School,Samuel Goh,P3-4,Science,75
2023,Ai Tong School,Rachel Tan,P3-4,English,67
2023,Ai Tong School,Rachel Tan,P3-4,Mother Tongue,68
2023,Ai Tong School,Rachel Tan,P3-4,Mathematics,42
2023,Ai Tong School,Rachel Tan,P3-4,Science,61
2023,Ai Tong School,Dinesh Kumar,P3-4,English,46
2023,Ai Tong School,Dinesh Kumar,P3-4,Mother Tongue,50
2023,Ai Tong School,Dinesh Kumar,P3-4,Mathematics,53
2023,Ai Tong School,Dinesh Kumar,P3-4,Science,40
2023,Ai Tong School,Benjamin Lee,P3-4,English,49
2023,Ai Tong School,Benjamin Lee,P3-4,Mother Tongue,50
2023,Ai Tong School,Benjamin Lee,P3-4,Mathematics,97
2023,Ai Tong School,Benjamin Lee,P3-4,Science,99
2023,Ai Tong School,Ong Kai Wen,P1-2,English,54
2023,Ai Tong School,Ong Kai Wen,P1-2,Mother Tongue,72
2023,Ai Tong School,Ong Kai Wen,P1-2,Mathematics,71
2023,Ai Tong School,Ong Kai Wen,P1-2,Science,76
2023,Ai Tong School,Farah Binte Ali,P1-2,English,79
2023,Ai Tong School,Farah Binte Ali,P1-2,Mother Tongue,85
2023,Ai Tong School,Farah Binte Ali,P1-2,Mathematics,93
2023,Ai Tong School,Farah Binte Ali,P1-2,Science,81
2023,Ai Tong School,Aidan Tan,P1-2,English,89
2023,Ai Tong School,Aidan Tan,P1-2,Mother Tongue,61
2023,Ai Tong School,Aidan Tan,P1-2,Mathematics,73
2023,Ai Tong School,Aidan Tan,P1-2,Science,99
2023,Ai Tong School,Javier Low,P1-2,English,47
2023,Ai Tong School,Javier Low,P1-2,Mother Tongue,71
2023,Ai Tong School,Javier Low,P1-2,Mathematics,72
2023,Ai Tong School,Javier Low,P1-2,Science,82
2023,Ai Tong School,Samuel Goh,P1-2,English,81
2023,Ai Tong School,Samuel Goh,P1-2,Mother Tongue,52
2023,Ai Tong School,Samuel Goh,P1-2,Mathematics,68
2023,Ai Tong School,Samuel Goh,P1-2,Science,55
2023,Ai Tong School,Benjamin Lee,P1-2,English,79
2023,Ai Tong School,Benjamin Lee,P1-2,Mother Tongue,53
2023,Ai Tong School,Benjamin Lee,P1-2,Mathematics,49
2023,Ai Tong School,Benjamin Lee,P1-2,Science,63
2023,CHIJ St Nicholas,Farah Binte Ali,P5-1,English,60
2023,CHIJ St Nicholas,Farah Binte Ali,P5-1,Mother Tongue,92
2023,CHIJ St Nicholas,Farah Binte Ali,P5-1,Mathematics,86
2023,CHIJ St Nicholas,Farah Binte Ali,P5-1,Science,73
2023,CHIJ St Nicholas,Mohammed Irfan,P5-1,English,87
2023,CHIJ St Nicholas,Mohammed Irfan,P5-1,Mother Tongue,97
2023,CHIJ St Nicholas,Mohammed Irfan,P5-1,Mathematics,40
2023,CHIJ St Nicholas,Mohammed Irfan,P5-1,Science,73
2023,CHIJ St Nicholas,Kiran Raj,P5-1,English,72
2023,CHIJ St Nicholas,Kiran Raj,P5-1,Mother Tongue,98
2023,CHIJ St Nicholas,Kiran Raj,P5-1,Mathematics,71
2023,CHIJ St Nicholas,Kiran Raj,P5-1,Science,92
2023,CHIJ St Nicholas,Lakshmi Devi,P5-1,English,89
2023,CHIJ St Nicholas,Lakshmi Devi,P5-1,Mother Tongue,55
2023,CHIJ St Nicholas,Lakshmi Devi,P5-1,Mathematics,65
2023,CHIJ St Nicholas,Lakshmi Devi,P5-1,Science,68
2023,CHIJ St Nicholas,Quek Jun Hao,P5-1,English,55
2023,CHIJ St Nicholas,Quek Jun Hao,P5-1,Mother Tongue,88
2023,CHIJ St Nicholas,Quek Jun Hao,P5-1,Mathematics,54
2023,CHIJ St Nicholas,Quek Jun Hao,P5-1,Science,97
2023,CHIJ St Nicholas,Hannah Ng,P5-1,English,93
2023,CHIJ St Nicholas,Hannah Ng,P5-1,Mother Tongue,78
2023,CHIJ St Nicholas,Hannah Ng,P5-1,Mathematics,50
2023,CHIJ St Nicholas,Hannah Ng,P5-1,Science,62
2023,CHIJ St Nicholas,Cheryl Lim,P2-3,English,76
2023,CHIJ St Nicholas,Cheryl Lim,P2-3,Mother Tongue,50
2023,CHIJ St Nicholas,Cheryl Lim,P2-3,Mathematics,42
2023,CHIJ St Nicholas,Cheryl Lim,P2-3,Science,90
2023,CHIJ St Nicholas,Evelyn Ong,P2-3,English,96
2023,CHIJ St Nicholas,Evelyn Ong,P2-3,Mother Tongue,46
2023,CHIJ St Nicholas,Evelyn Ong,P2-3,Mathematics,66
2023,CHIJ St Nicholas,Evelyn Ong,P2-3,Science,47
2023,CHIJ St Nicholas,Samuel Goh,P2-3,English,68
2023,CHIJ St Nicholas,Samuel Goh,P2-3,Mother Tongue,72
2023,CHIJ St Nicholas,Samuel Goh,P2-3,Mathematics,48
2023,CHIJ St Nicholas,Samuel Goh,P2-3,Science,60
2023,CHIJ St Nicholas,Priscilla Koh,P2-3,English,63
2023,CHIJ St Nicholas,Priscilla Koh,P2-3,Mother Tongue,95
2023,CHIJ St Nicholas,Priscilla Koh,P2-3,Mathematics,57
2023,CHIJ St Nicholas,Priscilla Koh,P2-3,Science,99
2023,CHIJ St Nicholas,Tan Wei Ling,P2-3,English,92
2023,CHIJ St Nicholas,Tan Wei Ling,P2-3,Mother Tongue,94
2023,CHIJ St Nicholas,Tan Wei Ling,P2-3,Mathematics,69
2023,CHIJ St Nicholas,Tan Wei Ling,P2-3,Science,75
2023,CHIJ St Nicholas,Aidan Tan,P2-3,English,95
2023,CHIJ St Nicholas,Aidan Tan,P2-3,Mother Tongue,82
2023,CHIJ St Nicholas,Aidan Tan,P2-3,Mathematics,63
2023,CHIJ St Nicholas,Aidan Tan,P2-3,Science,60
2023,Raffles Institution,Benjamin Lee,P2-1,English,67
2023,Raffles Institution,Benjamin Lee,P2-1,Mother Tongue,90
2023,Raffles Institution,Benjamin Lee,P2-1,Mathematics,46
2023,Raffles Institution,Benjamin Lee,P2-1,Science,40
2023,Raffles Institution,Samuel Goh,P2-1,English,92
2023,Raffles Institution,Samuel Goh,P2-1,Mother Tongue,63
2023,Raffles Institution,Samuel Goh,P2-1,Mathematics,50
2023,Raffles Institution,Samuel Goh,P2-1,Science,84
2023,Raffles Institution,Evelyn Ong,P2-1,English,86
2023,Raffles Institution,Evelyn Ong,P2-1,Mother Tongue,40
2023,Raffles Institution,Evelyn Ong,P2-1,Mathematics,96
2023,Raffles Institution,Evelyn Ong,P2-1,Science,74
2023,Raffles Institution,Aidan Tan,P2-1,English,54
2023,Raffles Institution,Aidan Tan,P2-1,Mother Tongue,99
2023,Raffles Institution,Aidan Tan,P2-1,Mathematics,88
2023,Raffles Institution,Aidan Tan,P2-1,Science,75
2023,Raffles Institution,Goh Wei Jie,P2-1,English,90
2023,Raffles Institution,Goh Wei Jie,P2-1,Mother Tongue,83
2023,Raffles Institution,Goh Wei Jie,P2-1,Mathematics,62
2023,Raffles Institution,Goh Wei Jie,P2-1,Science,97
2023,Raffles Institution,Lakshmi Devi,P2-1,English,55
2023,Raffles Institution,Lakshmi Devi,P2-1,Mother Tongue,87
2023,Raffles Institution,Lakshmi Devi,P2-1,Mathematics,99
2023,Raffles Institution,Lakshmi Devi,P2-1,Science,69
2023,Raffles Institution,Mohammed Irfan,P4-4,English,74
2023,Raffles Institution,Mohammed Irfan,P4-4,Mother Tongue,88
2023,Raffles Institution,Mohammed Irfan,P4-4,Mathematics,72
2023,Raffles Institution,Mohammed Irfan,P4-4,Science,86
2023,Raffles Institution,Cheryl Lim,P4-4,English,87
2023,Raffles Institution,Cheryl Lim,P4-4,Mother Tongue,81
2023,Raffles Institution,Cheryl Lim,P4-4,Mathematics,75
2023,Raffles Institution,Cheryl Lim,P4-4,Science,51
2023,Raffles Institution,Rachel Tan,P4-4,English,47
2023,Raffles Institution,Rachel Tan,P4-4,Mother Tongue,79
2023,Raffles Institution,Rachel Tan,P4-4,Mathematics,76
2023,Raffles Institution,Rachel Tan,P4-4,Science,70
2023,Raffles Institution,Goh Wei Jie,P4-4,English,65
2023,Raffles Institution,Goh Wei Jie,P4-4,Mother Tongue,43
2023,Raffles Institution,Goh Wei Jie,P4-4,Mathematics,53
2023,Raffles Institution,Goh Wei Jie,P4-4,Science,68
2023,Raffles Institution,Tan Wei Ling,P4-4,English,72
2023,Raffles Institution,Tan Wei Ling,P4-4,Mother Tongue,89
2023,Raffles Institution,Tan Wei Ling,P4-4,Mathematics,82
2023,Raffles Institution,Tan Wei Ling,P4-4,Science,48
2023,Raffles Institution,Hannah Ng,P4-4,English,43
2023,Raffles Institution,Hannah Ng,P4-4,Mother Tongue,77
2023,Raffles Institution,Hannah Ng,P4-4,Mathematics,64
2023,Raffles Institution,Hannah Ng,P4-4,Science,57
2024,Nan Chiau Primary,Cheryl Lim,P4-1,English,92
2024,Nan Chiau Primary,Cheryl Lim,P4-1,Mother Tongue,44
2024,Nan Chiau Primary,Cheryl Lim,P4-1,Mathematics,62
2024,Nan Chiau Primary,Cheryl Lim,P4-1,Science,84
2024,Nan Chiau Primary,Dinesh Kumar,P4-1,English,96
2024,Nan Chiau Primary,Dinesh Kumar,P4-1,Mother Tongue,60
2024,Nan Chiau Primary,Dinesh Kumar,P4-1,Mathematics,90
2024,Nan Chiau Primary,Dinesh Kumar,P4-1,Science,58
2024,Nan Chiau Primary,Goh Wei Jie,P4-1,English,86
2024,Nan Chiau Primary,Goh Wei Jie,P4-1,Mother Tongue,90
2024,Nan Chiau Primary,Goh Wei Jie,P4-1,Mathematics,57
2024,Nan Chiau Primary,Goh Wei Jie,P4-1,Science,78
2024,Nan Chiau Primary,Ong Kai Wen,P4-1,English,84
2024,Nan Chiau Primary,Ong Kai Wen,P4-1,Mother Tongue,78
2024,Nan Chiau Primary,Ong Kai Wen,P4-1,Mathematics,81
2024,Nan Chiau Primary,Ong Kai Wen,P4-1,Science,53
2024,Nan Chiau Primary,Quek Jun Hao,P4-1,English,61
2024,Nan Chiau Primary,Quek Jun Hao,P4-1,Mother Tongue,47
2024,Nan Chiau Primary,Quek Jun Hao,P4-1,Mathematics,43
2024,Nan Chiau Primary,Quek Jun Hao,P4-1,Science,65
2024,Nan Chiau Primary,Nur Aisyah,P4-1,English,43
2024,Nan Chiau Primary,Nur Aisyah,P4-1,Mother Tongue,42
2024,Nan Chiau Primary,Nur Aisyah,P4-1,Mathematics,88
2024,Nan Chiau Primary,Nur Aisyah,P4-1,Science,55
2024,Nan Chiau Primary,Goh Wei Jie,P4-2,English,74
2024,Nan Chiau Primary,Goh Wei Jie,P4-2,Mother Tongue,79
2024,Nan Chiau Primary,Goh Wei Jie,P4-2,Mathematics,84
2024,Nan Chiau Primary,Goh Wei Jie,P4-2,Science,87
2024,Nan Chiau Primary,Ong Kai Wen,P4-2,English,60
2024,Nan Chiau Primary,Ong Kai Wen,P4-2,Mother Tongue,64
2024,Nan Chiau Primary,Ong Kai Wen,P4-2,Mathematics,91
2024,Nan Chiau Primary,Ong Kai Wen,P4-2,Science,41
2024,Nan Chiau Primary,Evelyn Ong,P4-2,English,57
2024,Nan Chiau Primary,Evelyn Ong,P4-2,Mother Tongue,41
2024,Nan Chiau Primary,Evelyn Ong,P4-2,Mathematics,70
2024,Nan Chiau Primary,Evelyn Ong,P4-2,Science,66
2024,Nan Chiau Primary,Mohammed Irfan,P4-2,English,94
2024,Nan Chiau Primary,Mohammed Irfan,P4-2,Mother Tongue,55
2024,Nan Chiau Primary,Mohammed Irfan,P4-2,Mathematics,97
2024,Nan Chiau Primary,Mohammed Irfan,P4-2,Science,40
2024,Nan Chiau Primary,Javier Low,P4-2,English,85
2024,Nan Chiau Primary,Javier Low,P4-2,Mother Tongue,44
2024,Nan Chiau Primary,Javier Low,P4-2,Mathematics,91
2024,Nan Chiau Primary,Javier Low,P4-2,Science,63
2024,Nan Chiau Primary,Isabelle Chua,P4-2,English,63
2024,Nan Chiau Primary,Isabelle Chua,P4-2,Mother Tongue,45
2024,Nan Chiau Primary,Isabelle Chua,P4-2,Mathematics,53
2024,Nan Chiau Primary,Isabelle Chua,P4-2,Science,67
2024,Henry Park Primary,Kiran Raj,P6-4,English,63
2024,Henry Park Primary,Kiran Raj,P6-4,Mother Tongue,73
2024,Henry Park Primary,Kiran Raj,P6-4,Mathematics,42
2024,Henry Park Primary,Kiran Raj,P6-4,Science,47
2024,Henry Park Primary,Ong Kai Wen,P6-4,English,60
2024,Henry Park Primary,Ong Kai Wen,P6-4,Mother Tongue,49
2024,Henry Park Primary,Ong Kai Wen,P6-4,Mathematics,51
2024,Henry Park Primary,Ong Kai Wen,P6-4,Science,45
2024,Henry Park Primary,Hannah Ng,P6-4,English,81
2024,Henry Park Primary,Hannah Ng,P6-4,Mother Tongue,58
2024,Henry Park Primary,Hannah Ng,P6-4,Mathematics,65
2024,Henry Park Primary,Hannah Ng,P6-4,Science,56
2024,Henry Park Primary,Rachel Tan,P6-4,English,96
2024,Henry Park Primary,Rachel Tan,P6-4,Mother Tongue,85
2024,Henry Park Primary,Rachel Tan,P6-4,Mathematics,53
2024,Henry Park Primary,Rachel Tan,P6-4,Science,46
2024,Henry Park Primary,Dinesh Kumar,P6-4,English,53
2024,Henry Park Primary,Dinesh Kumar,P6-4,Mother Tongue,82
2024,Henry Park Primary,Dinesh Kumar,P6-4,Mathematics,74
2024,Henry Park Primary,Dinesh Kumar,P6-4,Science,48
2024,Henry Park Primary,Quek Jun Hao,P6-4,English,85
2024,Henry Park Primary,Quek Jun Hao,P6-4,Mother Tongue,53
2024,Henry Park Primary,Quek Jun Hao,P6-4,Mathematics,62
2024,Henry Park Primary,Quek Jun Hao,P6-4,Science,53
2024,Henry Park Primary,Evelyn Ong,P3-3,English,90
2024,Henry Park Primary,Evelyn Ong,P3-3,Mother Tongue,53
2024,Henry Park Primary,Evelyn Ong,P3-3,Mathematics,73
2024,Henry Park Primary,Evelyn Ong,P3-3,Science,82
2024,Henry Park Primary,Mohammed Irfan,P3-3,English,51
2024,Henry Park Primary,Mohammed Irfan,P3-3,Mother Tongue,79
2024,Henry Park Primary,Mohammed Irfan,P3-3,Mathematics,71
2024,Henry Park Primary,Mohammed Irfan,P3-3,Science,95
2024,Henry Park Primary,Benjamin Lee,P3-3,English,40
2024,Henry Park Primary,Benjamin Lee,P3-3,Mother Tongue,40
2024,Henry Park Primary,Benjamin Lee,P3-3,Mathematics,60
2024,Henry Park Primary,Benjamin Lee,P3-3,Science,85
2024,Henry Park Primary,Rachel Tan,P3-3,English,67
2024,Henry Park Primary,Rachel Tan,P3-3,Mother Tongue,50
2024,Henry Park Primary,Rachel Tan,P3-3,Mathematics,56
2024,Henry Park Primary,Rachel Tan,P3-3,Science,48
2024,Henry Park Primary,Goh Wei Jie,P3-3,English,70
2024,Henry Park Primary,Goh Wei Jie,P3-3,Mother Tongue,49
2024,Henry Park Primary,Goh Wei Jie,P3-3,Mathematics,96
2024,Henry Park Primary,Goh Wei Jie,P3-3,Science,44
2024,Henry Park Primary,Hannah Ng,P3-3,English,75
2024,Henry Park Primary,Hannah Ng,P3-3,Mother Tongue,44
2024,Henry Park Primary,Hannah Ng,P3-3,Mathematics,69
2024,Henry Park Primary,Hannah Ng,P3-3,Science,43
2024,Tampines Primary,Dinesh Kumar,P6-4,English,79
2024,Tampines Primary,Dinesh Kumar,P6-4,Mother Tongue,62
2024,Tampines Primary,Dinesh Kumar,P6-4,Mathematics,83
2024,Tampines Primary,Dinesh Kumar,P6-4,Science,91
2024,Tampines Primary,Evelyn Ong,P6-4,English,51
2024,Tampines Primary,Evelyn Ong,P6-4,Mother Tongue,54
2024,Tampines Primary,Evelyn Ong,P6-4,Mathematics,66
2024,Tampines Primary,Evelyn Ong,P6-4,Science,58
2024,Tampines Primary,Ong Kai Wen,P6-4,English,53
2024,Tampines Primary,Ong Kai Wen,P6-4,Mother Tongue,70
2024,Tampines Primary,Ong Kai Wen,P6-4,Mathematics,91
2024,Tampines Primary,Ong Kai Wen,P6-4,Science,58
2024,Tampines Primary,Farah Binte Ali,P6-4,English,53
2024,Tampines Primary,Farah Binte Ali,P6-4,Mother Tongue,46
2024,Tampines Primary,Farah Binte Ali,P6-4,Mathematics,77
2024,Tampines Primary,Farah Binte Ali,P6-4,Science,86
2024,Tampines Primary,Javier Low,P6-4,English,80
2024,Tampines Primary,Javier Low,P6-4,Mother Tongue,60
2024,Tampines Primary,Javier Low,P6-4,Mathematics,47
2024,Tampines Primary,Javier Low,P6-4,Science,55
2024,Tampines Primary,Rachel Tan,P6-4,English,55
2024,Tampines Primary,Rachel Tan,P6-4,Mother Tongue,83
2024,Tampines Primary,Rachel Tan,P6-4,Mathematics,90
2024,Tampines Primary,Rachel Tan,P6-4,Science,51
2024,Tampines Primary,Mohammed Irfan,P6-2,English,61
2024,Tampines Primary,Mohammed Irfan,P6-2,Mother Tongue,51
2024,Tampines Primary,Mohammed Irfan,P6-2,Mathematics,83
2024,Tampines Primary,Mohammed Irfan,P6-2,Science,68
2024,Tampines Primary,Priscilla Koh,P6-2,English,91
2024,Tampines Primary,Priscilla Koh,P6-2,Mother Tongue,87
2024,Tampines Primary,Priscilla Koh,P6-2,Mathematics,47
2024,Tampines Primary,Priscilla Koh,P6-2,Science,99
2024,Tampines Primary,Farah Binte Ali,P6-2,English,45
2024,Tampines Primary,Farah Binte Ali,P6-2,Mother Tongue,49
2024,Tampines Primary,Farah Binte Ali,P6-2,Mathematics,99
2024,Tampines Primary,Farah Binte Ali,P6-2,Science,65
2024,Tampines Primary,Evelyn Ong,P6-2,English,84
2024,Tampines Primary,Evelyn Ong,P6-2,Mother Tongue,66
2024,Tampines Primary,Evelyn Ong,P6-2,Mathematics,77
2024,Tampines Primary,Evelyn Ong,P6-2,Science,60
2024,Tampines Primary,Ong Kai Wen,P6-2,English,74
2024,Tampines Primary,Ong Kai Wen,P6-2,Mother Tongue,86
2024,Tampines Primary,Ong Kai Wen,P6-2,Mathematics,54
2024,Tampines Primary,Ong Kai Wen,P6-2,Science,53
2024,Tampines Primary,Cheryl Lim,P6-2,English,59
2024,Tampines Primary,Cheryl Lim,P6-2,Mother Tongue,66
2024,Tampines Primary,Cheryl Lim,P6-2,Mathematics,90
2024,Tampines Primary,Cheryl Lim,P6-2,Science,42
2024,Ai Tong School,Tan Wei Ling,P1-1,English,54
2024,Ai Tong School,Tan Wei Ling,P1-1,Mother Tongue,79
2024,Ai Tong School,Tan Wei Ling,P1-1,Mathematics,65
2024,Ai Tong School,Tan Wei Ling,P1-1,Science,46
2024,Ai Tong School,Isabelle Chua,P1-1,English,76
2024,Ai Tong School,Isabelle Chua,P1-1,Mother Tongue,85
2024,Ai Tong School,Isabelle Chua,P1-1,Mathematics,42
2024,Ai Tong School,Isabelle Chua,P1-1,Science,69
2024,Ai Tong School,Ong Kai Wen,P1-1,English,98
2024,Ai Tong School,Ong Kai Wen,P1-1,Mother Tongue,73
2024,Ai Tong School,Ong Kai Wen,P1-1,Mathematics,50
2024,Ai Tong School,Ong Kai Wen,P1-1,Science,67
2024,Ai Tong School,Dinesh Kumar,P1-1,English,93
2024,Ai Tong School,Dinesh Kumar,P1-1,Mother Tongue,49
2024,Ai Tong School,Dinesh Kumar,P1-1,Mathematics,46
2024,Ai Tong School,Dinesh Kumar,P1-1,Science,66
2024,Ai Tong School,Evelyn Ong,P1-1,English,72
2024,Ai Tong School,Evelyn Ong,P1-1,Mother Tongue,58
2024,Ai Tong School,Evelyn Ong,P1-1,Mathematics,82
2024,Ai Tong School,Evelyn Ong,P1-1,Science,61
2024,Ai Tong School,Lakshmi Devi,P1-1,English,82
2024,Ai Tong School,Lakshmi Devi,P1-1,Mother Tongue,68
2024,Ai Tong School,Lakshmi Devi,P1-1,Mathematics,48
2024,Ai Tong School,Lakshmi Devi,P1-1,Science,63
2024,Ai Tong School,Priscilla Koh,P6-4,English,49
2024,Ai Tong School,Priscilla Koh,P6-4,Mother Tongue,54
2024,Ai Tong School,Priscilla Koh,P6-4,Mathematics,53
2024,Ai Tong School,Priscilla Koh,P6-4,Science,51
2024,Ai Tong School,Hannah Ng,P6-4,English,41
2024,Ai Tong School,Hannah Ng,P6-4,Mother Tongue,93
2024,Ai Tong School,Hannah Ng,P6-4,Mathematics,51
2024,Ai Tong School,Hannah Ng,P6-4,Science,96
2024,Ai Tong School,Kiran Raj,P6-4,English,51
2024,Ai Tong School,Kiran Raj,P6-4,Mother Tongue,76
2024,Ai Tong School,Kiran Raj,P6-4,Mathematics,91
2024,Ai Tong School,Kiran Raj,P6-4,Science,78
2024,Ai Tong School,Tan Wei Ling,P6-4,English,80
2024,Ai Tong School,Tan Wei Ling,P6-4,Mother Tongue,40
2024,Ai Tong School,Tan Wei Ling,P6-4,Mathematics,53
2024,Ai Tong School,Tan Wei Ling,P6-4,Science,54
2024,Ai Tong School,Isabelle Chua,P6-4,English,43
2024,Ai Tong School,Isabelle Chua,P6-4,Mother Tongue,96
2024,Ai Tong School,Isabelle Chua,P6-4,Mathematics,41
2024,Ai Tong School,Isabelle Chua,P6-4,Science,45
2024,Ai Tong School,Quek Jun Hao,P6-4,English,51
2024,Ai Tong School,Quek Jun Hao,P6-4,Mother Tongue,52
2024,Ai Tong School,Quek Jun Hao,P6-4,Mathematics,76
2024,Ai Tong School,Quek Jun Hao,P6-4,Science,72
2024,CHIJ St Nicholas,Dinesh Kumar,P4-4,English,56
2024,CHIJ St Nicholas,Dinesh Kumar,P4-4,Mother Tongue,73
2024,CHIJ St Nicholas,Dinesh Kumar,P4-4,Mathematics,89
2024,CHIJ St Nicholas,Dinesh Kumar,P4-4,Science,90
2024,CHIJ St Nicholas,Goh Wei Jie,P4-4,English,51
2024,CHIJ St Nicholas,Goh Wei Jie,P4-4,Mother Tongue,47
2024,CHIJ St Nicholas,Goh Wei Jie,P4-4,Mathematics,54
2024,CHIJ St Nicholas,Goh Wei Jie,P4-4,Science,56
2024,CHIJ St Nicholas,Samuel Goh,P4-4,English,86
2024,CHIJ St Nicholas,Samuel Goh,P4-4,Mother Tongue,95
2024,CHIJ St Nicholas,Samuel Goh,P4-4,Mathematics,53
2024,CHIJ St Nicholas,Samuel Goh,P4-4,Science,56
2024,CHIJ St Nicholas,Hannah Ng,P4-4,English,77
2024,CHIJ St Nicholas,Hannah Ng,P4-4,Mother Tongue,58
2024,CHIJ St Nicholas,Hannah Ng,P4-4,Mathematics,52
2024,CHIJ St Nicholas,Hannah Ng,P4-4,Science,71
2024,CHIJ St Nicholas,Aidan Tan,P4-4,English,91
2024,CHIJ St Nicholas,Aidan Tan,P4-4,Mother Tongue,83
2024,CHIJ St Nicholas,Aidan Tan,P4-4,Mathematics,48
2024,CHIJ St Nicholas,Aidan Tan,P4-4,Science,63
2024,CHIJ St Nicholas,Ong Kai Wen,P4-4,English,51
2024,CHIJ St Nicholas,Ong Kai Wen,P4-4,Mother Tongue,76
2024,CHIJ St Nicholas,Ong Kai Wen,P4-4,Mathematics,69
2024,CHIJ St Nicholas,Ong Kai Wen,P4-4,Science,45
2024,CHIJ St Nicholas,Quek Jun Hao,P5-3,English,98
2024,CHIJ St Nicholas,Quek Jun Hao,P5-3,Mother Tongue,80
2024,CHIJ St Nicholas,Quek Jun Hao,P5-3,Mathematics,45
2024,CHIJ St Nicholas,Quek Jun Hao,P5-3,Science,82
2024,CHIJ St Nicholas,Mohammed Irfan,P5-3,English,60
2024,CHIJ St Nicholas,Mohammed Irfan,P5-3,Mother Tongue,75
2024,CHIJ St Nicholas,Mohammed Irfan,P5-3,Mathematics,66
2024,CHIJ St Nicholas,Mohammed Irfan,P5-3,Science,50
2024,CHIJ St Nicholas,Rachel Tan,P5-3,English,54
2024,CHIJ St Nicholas,Rachel Tan,P5-3,Mother Tongue,45
2024,CHIJ St Nicholas,Rachel Tan,P5-3,Mathematics,44
2024,CHIJ St Nicholas,Rachel Tan,P5-3,Science,55
2024,CHIJ St Nicholas,Aidan Tan,P5-3,English,88
2024,CHIJ St Nicholas,Aidan Tan,P5-3,Mother Tongue,63
2024,CHIJ St Nicholas,Aidan Tan,P5-3,Mathematics,87
2024,CHIJ St Nicholas,Aidan Tan,P5-3,Science,91
2024,CHIJ St Nicholas,Isabelle Chua,P5-3,English,61
2024,CHIJ St Nicholas,Isabelle Chua,P5-3,Mother Tongue,68
2024,CHIJ St Nicholas,Isabelle Chua,P5-3,Mathematics,66
2024,CHIJ St Nicholas,Isabelle Chua,P5-3,Science,52
2024,CHIJ St Nicholas,Priscilla Koh,P5-3,English,95
2024,CHIJ St Nicholas,Priscilla Koh,P5-3,Mother Tongue,72
2024,CHIJ St Nicholas,Priscilla Koh,P5-3,Mathematics,73
2024,CHIJ St Nicholas,Priscilla Koh,P5-3,Science,70
2024,Raffles Institution,Quek Jun Hao,P5-3,English,76
2024,Raffles Institution,Quek Jun Hao,P5-3,Mother Tongue,71
2024,Raffles Institution,Quek Jun Hao,P5-3,Mathematics,79
2024,Raffles Institution,Quek Jun Hao,P5-3,Science,86
2024,Raffles Institution,Kiran Raj,P5-3,English,46
2024,Raffles Institution,Kiran Raj,P5-3,Mother Tongue,97
2024,Raffles Institution,Kiran Raj,P5-3,Mathematics,95
2024,Raffles Institution,Kiran Raj,P5-3,Science,71
2024,Raffles Institution,Hannah Ng,P5-3,English,72
2024,Raffles Institution,Hannah Ng,P5-3,Mother Tongue,76
2024,Raffles Institution,Hannah Ng,P5-3,Mathematics,52
2024,Raffles Institution,Hannah Ng,P5-3,Science,50
2024,Raffles Institution,Mohammed Irfan,P5-3,English,66
2024,Raffles Institution,Mohammed Irfan,P5-3,Mother Tongue,58
2024,Raffles Institution,Mohammed Irfan,P5-3,Mathematics,65
2024,Raffles Institution,Mohammed Irfan,P5-3,Science,57
2024,Raffles Institution,Lakshmi Devi,P5-3,English,64
2024,Raffles Institution,Lakshmi Devi,P5-3,Mother Tongue,79
2024,Raffles Institution,Lakshmi Devi,P5-3,Mathematics,44
2024,Raffles Institution,Lakshmi Devi,P5-3,Science,71
2024,Raffles Institution,Evelyn Ong,P5-3,English,56
2024,Raffles Institution,Evelyn Ong,P5-3,Mother Tongue,75
2024,Raffles Institution,Evelyn Ong,P5-3,Mathematics,70
2024,Raffles Institution,Evelyn Ong,P5-3,Science,43
2024,Raffles Institution,Benjamin Lee,P1-1,English,72
2024,Raffles Institution,Benjamin Lee,P1-1,Mother Tongue,54
2024,Raffles Institution,Benjamin Lee,P1-1,Mathematics,41
2024,Raffles Institution,Benjamin Lee,P1-1,Science,62
2024,Raffles Institution,Javier Low,P1-1,English,83
2024,Raffles Institution,Javier Low,P1-1,Mother Tongue,48
2024,Raffles Institution,Javier Low,P1-1,Mathematics,80
2024,Raffles Institution,Javier Low,P1-1,Science,98
2024,Raffles Institution,Aidan Tan,P1-1,English,60
2024,Raffles Institution,Aidan Tan,P1-1,Mother Tongue,89
2024,Raffles Institution,Aidan Tan,P1-1,Mathematics,84
2024,Raffles Institution,Aidan Tan,P1-1,Science,61
2024,Raffles Institution,Hannah Ng,P1-1,English,82
2024,Raffles Institution,Hannah Ng,P1-1,Mother Tongue,89
2024,Raffles Institution,Hannah Ng,P1-1,Mathematics,94
2024,Raffles Institution,Hannah Ng,P1-1,Science,93
2024,Raffles Institution,Lakshmi Devi,P1-1,English,60
2024,Raffles Institution,Lakshmi Devi,P1-1,Mother Tongue,45
2024,Raffles Institution,Lakshmi Devi,P1-1,Mathematics,56
2024,Raffles Institution,Lakshmi Devi,P1-1,Science,58
2024,Raffles Institution,Kiran Raj,P1-1,English,93
2024,Raffles Institution,Kiran Raj,P1-1,Mother Tongue,77
2024,Raffles Institution,Kiran Raj,P1-1,Mathematics,59
2024,Raffles Institution,Kiran Raj,P1-1,Science,41
